id,t,rx,ry,rz,vx,vy,vz,ux,uy,uz
1,0,42000,-0.36311,-0.45087,-0.0011989,3.0801,0.00088021,-0.0011989,3.0801,0.00088021
1,2141.5,41478,6568.3,1.4348,-0.48311,3.042,0.00087729,-0.48311,3.042,0.00087729
1,4283.1,39932,12973,3.2911,-0.9531,2.9288,0.00085305,-0.9531,2.9288,0.00085305
1,6424.6,37408,19060,5.0736,-1.3998,2.7438,0.00080818,-1.3998,2.7438,0.00080818
1,8566.1,33961,24677,6.7384,-1.8121,2.4911,0.00074357,-1.8121,2.4911,0.00074357